SYNLOX,COMPETENCIA,MARCA,CONDICION_ESPECIAL,TIPO_LUBRICANTE,FICHA_TECNICA_URL
SYNLOX XTREME EP (SULFONATO DE CALCIO)(GRADO 00),MOBIL CENTAUR XHP 220 (SULFONATO DE CALCIO) (GRADO 00),EXXONMOBIL,,Grasa,
SYNLOX XTREME EP (SULFONATO DE CALCIO)(GRADO 1),MOBIL CENTAUR XHP 220 (SULFONATO DE CALCIO) (GRADO 1),EXXONMOBIL,,Grasa,
SYNLOX XTREME EP (SULFONATO DE CALCIO)(GRADO 2),MOBIL CENTAUR XHP 220 (SULFONATO DE CALCIO) (GRADO 2),EXXONMOBIL,,Grasa,
SYNLOX LITHPLEX EP (COMPLEJO DE LITIO)(GRADO 00),MOBILGREASE XHP 222 (COMPLEJO DE LITIO) (GRADO 00),EXXONMOBIL,,Grasa,
SYNLOX LITHPLEX EP  (COMPLEJO DE LITIO)(GRADO 0),MOBILGREASE XHP 222 (COMPLEJO DE LITIO) (GRADO 0),EXXONMOBIL,,Grasa,
SYNLOX LITHPLEX EP (COMPLEJO DE LITIO)(GRADO 1),MOBILGREASE XHP 222 (COMPLEJO DE LITIO) (GRADO 1),EXXONMOBIL,,Grasa,
SYNLOX LITHPLEX EP(COMPLEJO DE LITIO)(GRADO 2),MOBILGREASE XHP 222 (COMPLEJO DE LITIO) (GRADO 2),EXXONMOBIL,,Grasa,
SYNLOX LITHPLEX EP (COMPLEJO DE LITIO)(GRADO 3),MOBILGREASE XHP 222 (COMPLEJO DE LITIO) (GRADO 3),EXXONMOBIL,,Grasa,
SYNLOX LITHPLEX EP (COMPLEJO DE LITIO)(GRADO 0),MOBILUX EP (LITIO) (GRADO 0),EXXONMOBIL,,Grasa,
SYNLOX LITHPLEX EP (COMPLEJO DE LITIO)(GRADO 1),MOBILUX EP (LITIO) (GRADO 1),EXXONMOBIL,,Grasa,
SYNLOXLITHPLEX EP (COMPLEJO DE LITIO)(GRADO 2),MOBILUX EP (LITIO) (GRADO 2),EXXONMOBIL,,Grasa,
SYNLOX LITHPLEX EP (COMPLEJO DE LITIO)(GRADO 2),MOBILITH SHC 220 (COMPLEJO DE LITIO)(GRADO 2),EXXONMOBIL,,Grasa,
SYNLOX LITHPLEX EP (COMPLEJO DE LITIO)(GRADO 1),MOBILGREASE XHP SPECIAL (COMPLEJO DE LITIO) (GRADO 1),EXXONMOBIL,,Grasa,
SYNLOX LITHPLEX EP (COMPLEJO DE LITIO)(GRADO 2),MOBILGREASE XHP SPECIAL (COMPLEJO DE LITIO) (GRADO 2),EXXONMOBIL,,Grasa,
SYNLOX BENTOPLEX SYN (BENTONITA)(MOLY)(SINTÉTICO) (GRADO 1),MOBILTEMP SHC™ SERIES (ARCILLA INORGANICA) (GRADO 1),EXXONMOBIL,,Grasa,
SYNLOX BENTOPLEX SYN (BENTONITA)(MOLY)(SINTÉTICO) (GRADO 2),MOBILTEMP SHC™ SERIES (ARCILLA INORGANICA) (GRADO 2),EXXONMOBIL,,Grasa,
SYNLOX SANPLEX AL(COMPLEJO DE ALUMINIO)(GRADO 1),MOBILGREASE FM 222 (COMPLEJO E ALUMINIO) (GRADO 1),EXXONMOBIL,,Grasa,
SYNLOX SANPLEX AL(COMPLEJO DE ALUMINIO)(GRADO 2),MOBILGREASE FM 222 (COMPLEJO E ALUMINIO) (GRADO 2),EXXONMOBIL,,Grasa,
SYNLOX MOLY XTREME EP (SULFONATO DE CALCIO) (MOLY) (GRADO 1),MOBIL CENTAUR MOLY (SULFONATO DE CALCIO) (MOLY) (GRADO 1),EXXONMOBIL,,Grasa,
SYNLOX MOLY XTREME EP (SULFONATO DE CALCIO) (MOLY) (GRADO 2),MOBIL CENTAUR MOLY (SULFONATO DE CALCIO) (MOLY) (GRADO 2),EXXONMOBIL,,Grasa,
SYNLOX BENTOPLEX SYN (BENTONITA)(MOLY)(SINTÉTICO) (GRADO 2),MOBILGREASE 28(ARCILLA) (GRADO 2),EXXONMOBIL,,Grasa,
SYNLOX BENTOPLEX (BENTONITA)(MOLY) (GRADO 1),MOBILTEMP SHC™ SERIES (ARCILLA INORGANICA) (GRADO 1),EXXONMOBIL,,Grasa,
SYNLOX BENTOPLEX (BENTONITA)(MOLY) (GRADO 2),MOBILTEMP SHC™ SERIES (ARCILLA INORGANICA) (GRADO 2),EXXONMOBIL,,Grasa,
SYNLOX POLIUREA EP (POLIUREA) (GRADO 2)(ISO 220),MOBIL SHC™ POLYREX EM (POLIUREA) (GRADO 2),EXXONMOBIL,,Grasa,
SYNLOX POLIUREA EP (POLIUREA) (GRADO 2),MOBIL POLYREX EM (POLIUREA) (GRADO 2),EXXONMOBIL,,Grasa,
SYNLOX POLIUREA EP (POLIUREA) (GRADO 2),MOBIL POLYREX EP 2 (POLIUREA) (GRADO 2),EXXONMOBIL,,Grasa,
SYNLOX POLIUREA EP (POLIUREA) (GRADO 1)(ISO 220),MOBIL SHC™ POLYREX EM (POLIUREA) (GRADO 1),EXXONMOBIL,,Grasa,
SYNLOX POLIUREA EP (POLIUREA) (GRADO 3),MOBIL POLYREX EM (POLIUREA) (GRADO 3),EXXONMOBIL,,Grasa,
"SYNLOX COMPLEX GRAF (COMPLEJO DE ALUMINIO) (GRAFITO+MOLY) (MINERAL ISO 5000,3000,2000) (GRADO 00)",MOBIL DYNAGEAR (LITIO) (GRADO 00),EXXONMOBIL,,Grasa,
"SYNLOX COMPLEX GRAF (COMPLEJO DE ALUMINIO) (GRAFITO+MOLY) (MINERAL ISO 5000,3000,2000) (GRADO 0)",MOBIL DYNAGEAR (LITIO) (GRADO 0,EXXONMOBIL,,Grasa,
SYNLOX VALSEAL (PFTE) (GRADO 3),MOBIL SHC  GREASE 462 PF( SINTÉTICO PTFE) (GRADO 2),EXXONMOBIL,,Grasa,
SYNLOX XTREME EP (SULFONATO DE CALCIO)(GRADO 2),LGNL 2(CALCIO ANHIDRO)(GRADO 2),SKF,,Grasa,
SYNLOX XTREME EP (SULFONATO DE CALCIO)(GRADO 2)(ISO 460),LGHC 2(SULFONATO DE CALCIO)(GRADO 2),SKF,,Grasa,
SYNLOX XTREME EP (SULFONATO DE CALCIO)(GRADO 2),LGHB 2(SULFONATO DE CALCIO)(GRADO 2),SKF,,Grasa,
SYNLOX LITPLEX EP (COMPLEJO DE LITIO)(GRADO 00),,SKF,,Grasa,
SYNLOX LITPLEX EP (COMPLEJO DE LITIO)(GRADO 0),,SKF,,Grasa,
SYNLOX LITPLEX EP (COMPLEJO DE LITIO)(GRADO 1),LGWM 1( LITIO)( GRADO 1),SKF,,Grasa,
SYNLOX LITPLEX EP (COMPLEJO DE LITIO)(GRADO 2),LGWA 2(COMPLEJO DE LITIO)(GRADO 2),SKF,,Grasa,
SYNLOX LITPLEX EP (COMPLEJO DE LITIO)(GRADO 2),LGMT 2(LITIO)(GRADO 2),SKF,,Grasa,
SYNLOX LITPLEX EP (COMPLEJO DE LITIO)(GRADO 2),LGEP 2()LITIO)(GRADO 2),SKF,,Grasa,
SYNLOX LITPLEX EP (COMPLEJO DE LITIO)(GRADO 3),LGEP 3(LITIO)(GRADO 3),SKF,,Grasa,
SYNLOX MOLY LITPLEX EP (COMPLEJO DE LITIO)(GRADO 2),LGEV 2(LITIO/CALCIO)(GRADO 2)(MOLY+GRAFITO),SKF,,Grasa,
SYNLOX MOLY LITPLEX EP (COMPLEJO DE LITIO)(GRADO 2),LGEM 2(LITIO/CALCIO)(GRADO 2)(MOLY+GRAFITO),SKF,,Grasa,
SYNLOX SANPLEX SC (SULFONATO DE CALCIO) (GRADO 2),LGFG 2(SULFONATO DE CALCIO)(GRADO 2),SKF,,Grasa,
SYNLOX LOWTEMP (COMPLEJO DE ALUMINIO) (SINTÉTICO) (GRADO 2),LGLT 2(LITIO)(GRADO 2)(SINTÉTICO),SKF,,Grasa,
SYNLOX LITPLEX EP (COMPLEJO DE LITIO)(GRADO 1),LGEP 1( LITIO/CALCIO)( GRADO 1),SKF,,Grasa,
SYNLOX XTREME EP (SULFONATO DE CALCIO)(GRADO 1),LGWM 2(SULFONATO DE CALCIO)( GRADO 1)(SINTÉTICO),SKF,,Grasa,
SYNLOX XTREME EP (SULFONATO DE CALCIO)(GRADO 2),LGWM 2(SULFONATO DE CALCIO)( GRADO 2)(SINTÉTICO),SKF,,Grasa,
SYNLOX POLIUREA EP (POLIUREA) (GRADO 2),LGHQ 2(DIUREA)(GRADO 2) LGHP2(DIUREA)(GRADO 2),SKF,,Grasa,
SYNLOX POLIUREA EP (POLIUREA) (GRADO 3),LGHQ 2(DIUREA)(GRADO 2) LGHP2(DIUREA)(GRADO 3),SKF,,Grasa,
SYNLOX FLUORINADA FG 222 (PTFE)(PFPE)(GRADO 2),LGET 2(PTFE)(PFPE)(GRADO 2),SKF,,Grasa,
SYNLOX XTREME EP (SULFONATO DE CALCIO)(GRADO 2),SHAPPHIRE 2(MEZCLA E COMPLEJOS)(GRADO 2),ROCOL,,Grasa,
SYNLOX LITPLEX EP (COMPLEJO DE LITIO)(GRADO 2),SAPPHIRE ADVANCE 2(COMPLEJO DE LITIO)(PTFE)(GRADO 2),ROCOL,,Grasa,
SYNLOX LITPLEX EP (COMPLEJO DE LITIO)(GRADO 2),SAPPHIRE PREMIER(COMPLEJO DE LITIO)(PAO)(PTFE)(GRADO 2),ROCOL,,Grasa,
SYNLOX LITPLEX EP (COMPLEJO DE LITIO)(GRADO 2),SAPPHIRE LO-TEMP 2( MEZCLA COMPLEJOS)(SEMI- SINTÉTICO)(GRADO 2),ROCOL,,Grasa,
SYNLOX MOLYLITPLEX EP (COMPLEJO DE LITIO)(GRADO 2),SAPPHIRE HI LOAD 2(MEZCLA DE COMPLEJOS)(MOLY)(GRADO 2),ROCOL,,Grasa,
SYNLOX LITPLEX EP (COMPLEJO DE LITIO)(GRADO 2),SAPPHIRE HI SPEED 2(COMPLEJO DE LITIO)(SINTÉTICO)(GRADO 2),ROCOL,,Grasa,
SYNLOX BENTOPLEX SYN (BENTONITA)(MOLY)(SINTÉTICO) (GRADO 2),TUFGEAR UNIVERSAL(ARCILLA ORGANICA)(GRADO 2),ROCOL,,Grasa,
SYNLOX GRAF OPEN GEAR (COMPLEJO DE ALUMINIO) (GRADO 2),SAPPHIRE AQUA 2(COMPLEJO DE ALUMINIO)(GRADO 2),ROCOL,,Grasa,
SYNLOX SANPLEX AL (COMPLEJO DE ALUMINIO) (GRADO 000),FOOLUBE UNIVERSAL(COMPLEJO DE ALUMINIO)(PTFE)(GRADO 000),ROCOL,H1,Grasa,
SYNLOX SANPLEX AL (COMPLEJO DE ALUMINIO) (GRADO 0),FOOLUBE UNIVERSAL(COMPLEJO DE ALUMINIO)(PTFE)(GRADO 0),ROCOL,H1,Grasa,
SYNLOX SANPLEX AL (COMPLEJO DE ALUMINIO) (GRADO 2),FOOLUBE UNIVERSAL(COMPLEJO DE ALUMINIO)(PTFE)(GRADO 2),ROCOL,H1,Grasa,
SYNLOX SYN SANPLEX AL (COMPLEJO DE ALUMINIO) (GRADO 2),"FOODLUBE PREMIER 2(COMPLEJO DE ALUMINIO)(PAO)(PTFE)(GRADO 00,1 Y 2)",ROCOL,H1,Grasa,
EN PROCESO,FOODLUBE XTREME 2(ARCILLA INORGANICA)(PAO)(GRADO 2),ROCOL,H1,Grasa,
EN PROCESO,FOODLUBE ULTRA(ARCILLA INORGANICA)(PAO)(GRADO 2/3),ROCOL,H1,Grasa,
EN PROCESO,FOOLUBE HI TEMP 2(SILICA)(SILICONE)(PTFE)(GRADO 2),ROCOL,H1,Grasa,
,SAPPHIRE ENDURE(PTFE)(PERFLUOROPOLYETER)(GRADO 2),ROCOL,,Grasa,
SYNLOX BENTOPLEX (BENTONITA)(MOLY) (GRADO 2),SAPPHIRE HI PRESSURE(ARCILLA INORGANICA)(MOLY)(GRADO 2),ROCOL,,Grasa,
,SAPPHIRE EXTREME(ARCILLA ORGANICA)(MOLY)(GRADO 2),ROCOL,,Grasa,
SYNLOX WIRE BIO (VEGETAL) (ISO 5000) (GRADO 000),WIRE ROPE DRESSING(ARCILLA ORGANICA)(MOLY)(GRADO 00),ROCOL,,Grasa,
,RT 15(PTFE)(PFPE)(GRADO 2),ROCOL,,Grasa,
,FOMBLIN UT18 GREAS( PFTE)(PTFE)(GRADO 2),ROCOL,,Grasa,
,YVAC-3(PFTE)(PTFE)(GRADO 2),ROCOL,,Grasa,
,SAPPHIRE ENDURE(PTFE)(PFTE)(GRADO 2),ROCOL,,Grasa,
,FOODLUBE ENDURE 00(H1)(PTFE)(PFPE)(GRADO 00),ROCOL,,Grasa,
,BAKERLUBE HT,ROCOL,,Grasa,
,BARKELUBE CL,ROCOL,,Grasa,
,LGNL 2(CALCIO ANHIDRO)(GRADO 2),SKF,,Grasa,
,LGHC 2(SULFONATO DE CALCIO)(GRADO 2),SKF,,Grasa,
,LGHB 2(SULFONATO DE CALCIO)(GRADO 2),SKF,,Grasa,
"SYNLOX CHASSIS EP (COMPLEJO DE LITIO)(GRADO 00,0,1,2 Y 3)",LGWA 2(COMPLEJO DE LITIO)(GRADO 2),SKF,,Grasa,
,LGEP 2()LITIO)(GRADO 2),SKF,,Grasa,
,LGMT 3(LITIO)(GRADO 3),SKF,,Grasa,
,LGMT 2(LITIO)(GRADO 2),SKF,,Grasa,
,LGWM 1( LITIO)( GRADO 1),SKF,,Grasa,
,LGEV 2(LITIO/CALCIO)(GRADO 2)(MOLY+GRAFITO),SKF,,Grasa,
,LGEM 2(LITIO/CALCIO)(GRADO 2)(MOLY+GRAFITO),SKF,,Grasa,
SYNLOX SANPLEX SC (SULFONATO DE CALCIO) (GRADO 1 Y 2),LGFG 2(SULFONATO DE CALCIO)(GRADO 2),SKF,,Grasa,
,LGFQ 2(SULFONATO DE CALCIO)(SINTÉTICO)( GRADO 1.5),,,Grasa,
SYNLOX LOWTEMP (COMPLEJO DE ALUMINIO) (SINTÉTICO) (GRADO 2),LGLT 2(LITIO)(GRAO 2)(SINTÉTICO),SKF,,Grasa,
,LGEP 1( LITIO/CALCIO)( GRADO 1),,,Grasa,
,LGWM 2(SULFONATO DE CALCIO)( GRADO 1 Y 2)(SINTÉTICO),,,Grasa,
SYNLOX POLIUREA EP (POLIUREA) (GRADO 2),LGHQ 2(DIUREA)(GRADO 2) LGHP2(DIUREA)(GRADO 2-3),SKF,,Grasa,
SYNLOX WIRE BIO (VEGETAL) (ISO 5000) (GRADO 000),LGGB 2(LITIO/CALCIO)(ÉSTER SINTÉTICO) GRADO 2,SKF,,Grasa,
SYNLOX VALSEAL (PFTE) (GRADO 3),LGED 2(PTFE)(PFPE)(GRADO 2),SKF,,Grasa,
SYNLOX FLUORINADA FG 222 (PTFE)(PFPE)(GRADO 2),LGET 2(PTFE)(PFPE)(GRADO 2),SKF,,Grasa,
SYNLOX XTREME EP (SULFONATO DE CALCIO)(GRADO 1 Y 2),GRASA PARAGON 3000 (COMPLEJO DE LITIO + COMPLEJO DE CALCIO) (GRADO 1 Y 2),TEXAS REFINERY,,Grasa,
"SYNLOX LITHPLEX EP (COMPLEJO DE LITIO)(GRADO 00,0,1,2 Y 3)","GRASA 880 CROWN AND CHASSIS (COMPLEJO DE CALCIO) (GRADO 00,0,1 Y 2)",TEXAS REFINERY,,Grasa,
SYNLOX BENTOPLEX SYN (BENTONITA)(MOLY)(SINTÉTICO) (GRADO 2),GRASA MOLY HIT TEMP (ARCILLA INORGANICA) (MOLY) (GRADO 2),TEXAS REFINERY,,Grasa,
SYNLOX GRAF OPEN GEAR (COMPLEJO DE ALUMINIO) (GRADO 2),GRASA TAKILUBE II (COMPLEJO DE CALCIO) (MINERLA) (GRADO 3),TEXAS REFINERY,,Grasa,
SYNLOX SANPLEX SC (SULFONATO DE CALCIO) (GRADO 1 Y 2),GRASA PARA MAQUINARIA DE ALIMENTOS (COMPLEJO DE ALUMINIO) (GRADO 1 Y 2),TEXAS REFINERY,,Grasa,
SYNLOX MOLY XTREME EP (SULFONATO DE CALCIO) (MOLY) (GRADO 1 Y 2),GRASA MOLY PARAGON 3000 (COMPLEJO DE LITIO + COMPLEJO DE CALCIO) (MOLY) (GRADO 1 Y 2),TEXAS REFINERY,,Grasa,
SYNLOX SANPLEX AL (COMPLEJO DE ALUMINIO) (GRADO 1 Y 2),GRASA PARA MAQUINARIA DE ALIMENTOS (COMPLEJO DE ALUMINIO) (GRADO 1 Y 2),TEXAS REFINERY,,Grasa,
SYNLOX BENTOPLEX (BENTONITA)(MOLY) (GRADO 2),GRASA HIT TEMP (ARCILLA INORGANICA) (GRADO 1 Y 2),TEXAS REFINERY,,Grasa,
SYNLOX WIRE BIO (VEGETAL) (ISO 5000) (GRADO 000),GRASA PARA CUERDAS DE ALAMBRE WIRE ROPE (GRADO 1),TEXAS REFINERY,,Grasa,
SYNLOX COMPOUD ANTI SEIZE(COMPLEJO DE ALUMINIO)(COBRIZADA) (MOLY)(GRAFITO)(GRADO 1),GRASA ANTIAFERRANTE SUPERPLATE II THREAD COMPOUND (MINERAL) (GRADO 2),TEXAS REFINERY,,Grasa,
SYNLOX MOLY LITHPLEX EP(COMPLEJO DE LITIO)(GRADO 2)(ISO 100),OKS 400(MOLY)(LITIO)(GRADO 2)(ISO 100),OKS,,Grasa,
SYNLOX LITHPLEX EP(COMPLEJO DE LITIO)(GRADO 2)(ISO 100),OKS 402(LITIO)(GRADO 2)(ISO 100),OKS,,Grasa,
SYNLOX XTREME EP(SULFONATO DE CALCIO)(GRADO 2)(ISO 220),OKS 403(COMPLEJO DE CALCIO)(GRADO 1.5)(ISO 100),OKS,,Grasa,
SYNLOX LITHPLEX EP(COMPLEJO DE LITIO)(GRADO 2)(ISO 100),OKS 404(LITIO)(GRADO 2)(ISO 100)(PAO),OKS,,Grasa,
,OKS 410(MOLY)(HIDROXIESTEARATO DE LITIO)(GRADO 2)(ISO 185),OKS,,Grasa,
SYNLOX VELOCITY,OKS 416(LITIO)(GRADO 2)(ISO 15)(ESTER),OKS,,Grasa,
,OKS 418(MOLY)(SILICATO)(ISO 220),OKS,,Grasa,
,OKS 420(MOLY)(POLICRBAMIDA)(ISO 490),OKS,,Grasa,
,OKS 422(COMPLEJO DE BARIO)(ISO 50)(PAO),OKS,,Grasa,
,OKS 424(POLICARBAMIDA)(ISO 400)(POLICARBAMIDA),OKS,,Grasa,
,OKS 425(COMPLEJO DE CALCIO)(ISO 30)(PAO),OKS,,Grasa,
,OKS 427(POLICARBAMIDA)GRADO 0)(ISO 490)(PAO),OKS,,Grasa,
,OKS 427(POLICARBAMIDA)GRADO 00)(ISO 490)(PAO),OKS,,Grasa,
,OKS 428(ESTEARATO DE LITIO)(GRADO 00)(ISO 120)(POLIGLICOL),OKS,,Grasa,
,OKS 432(COMPLEJO DE ALUMINIOO)(GRADO 2)(ISO 500),OKS,,Grasa,
,OKS 433(ESTEARATO DE LITIO)(GRADO 2)(ISO 185),OKS,,Grasa,
,OKS 464(GRAF)(COMPLEJO DE LITIO)(GRADO 2)(ISO 150)(PAO),OKS,,Grasa,
,OKS 468(INORGANICO)(GRADO 2)(ISO 1700)(PAO),OKS,H1,Grasa,
,OKS 469(INORGANICO)(GRADO 2)(ISO 400)(PAO),OKS,H1,Grasa,
,OKS 470(SOLIDOS BLANCOS)(ESTEARATO DE LITIO)(GRADO 2)(ISO 100),OKS,H2,Grasa,
,OKS 472(COMPLEJO DE ALUMINIO)(GRADO 1)(ISO 30)(PAO-ESTER),OKS,H1,Grasa,
,OKS 473(COMPLEJO DE ALUMINIO)(GRADO 00)(ISO 160)(PAO),OKS,H1,Grasa,
,OKS 473(COMPLEJO DE ALUMINIO)(GRADO 00)(ISO 160)(PAO),OKS,H1,Grasa,
,OKS 475(PTFE)(ESTEARATO DE LITIO)(GRADO 2)(ISO 30)(PAO),OKS,H2,Grasa,
,OKS 476(COMPLEJO DE ALUMINIO)(GRADO 2)(ISO 240),OKS,H1,Grasa,
,OKS 477(SILICATO)(GRADO 3)(ISO 1600)(PAO),OKS,H1,Grasa,
,OKS 478(INORGANICO)(GRADO 3)(ISO 1700)(PAO),OKS,H1,Grasa,
,OKS 479(COMPLEJO DE ALUMINIO)(GRADO 1)(ISO 360)(PAO),OKS,H1,Grasa,
,OKS 480(SULFONATO DE CALCIO)(GRADO 2)(ISO 100)(PAO),OKS,H1,Grasa,
,OKS 481(COMPLEJO DE CALCIO)(GRADO 2)(ISO 100)(PAO),OKS,H1,Grasa,
,OKS 490(GRAF)(COMPLEJO DE ALUMINIO)(GRADO 0(ISO 1000),OKS,,Grasa,
,OKS 495(GRAF)(COMPLEJO DE ALUMINIO)(GRADO 1)(SEMIPAO)(ISO 500),OKS,,Grasa,
,OKS 1110(INORGANICO)(GRADO 3)(ISO 9500)(POLIFENILMETILSILOXANO),OKS,H1,Grasa,
,,OKS,,Grasa,
,"OKS 1112(INORGANICO)(GRADO 3)(ISO 100,000)(POLIDMETILSILAXONA)",OKS,,Grasa,
,OKS 1133(ESTEARATO DE HIDROXIDO DE LITIO)(GRADO 2)(ISO 100)(POLIFENILMETILSILOXANO),OKS,,Grasa,
,OKS 1140(NEGRO DE HUMO ESPECIAL)(GRADO 2)(ISO 100)(POLIFENILMETILSILOXANO),OKS,,Grasa,
,OKS 1144(ESTEARATO DE LITIO)(GRADO 2)(ISO 125)(POLIFENILMETILSILOXANO),OKS,,Grasa,
,OKS 1149(PTFE)(COMPLEJO DE LITIO)(GRADO 2-3)(ISO 200)(ACEITE DE SILICONA),OKS,,Grasa,
,OKS 1155(ESTEARATO DE LITIO)(GRADO 2)(ISO 100)(ESTER-POLIFENILMETILSILOXANO),OKS,,Grasa,
,"OKS 4100(MOLY)(LITIO-CALCIO)(GRADO 2)(ISO 1,020)",OKS,,Grasa,
,OKS 4210(PTFE)(PFPE)(ISO 390)(PTFE),OKS,,Grasa,
,OKS 4220(PTFE)(PFPE)(ISO 390)(PTFE),OKS,H1,Grasa,
,OKS 4240(PTFE)(INORGANICO)(GRADO 2)(ISO 440)(PFPE),OKS,,Grasa,
,OKS 100(MOLY),OKS,,Seco,
,OKS 110(MOLY MICROFINO),OKS,,Seco,
,OKS 536(GRAF)(AGUA)(AGLUTINANTE ORGANICO),OKS,,Seco,
"SYNLOX GEAR FG OIL (H1) (MINERAL) (ISO 150,220, 320 Y 460)","ACEITE PARA ENGRANAJES GRADO ALIMENTICIO (H1) (MINERAL) (ISO 150,220)",TEXAS REFINERY,,Aceite,
SYNLOX HYDRA FG OIL (H1) (MINERAL) (ISO 46 Y 68),ACEITE UNIVERSAL H1 GRADO ALIMENTICIO (H1) (MINERAL) (ISO 46 Y 68),TEXAS REFINERY,,Aceite,
SYNLOX AERO FG (H1) (MINERAL) (ISO 32),ACEITE UNIVERSAL H1 GRADO ALIMENTICIO EN AEROSOL (H1) (MINERAL) (ISO 32),TEXAS REFINERY,,Aceite,
"SYNLOX SPLASH & PARATAC (MINERAL) (SAE 10,20,30 Y 40)","ACEITE NO SPLASH CON PARACTAC LV (SAE 10, 20 Y 30)",TEXAS REFINERY,,Aceite,
SYNLOX SYNPLEX CHAIN (SINTÉTICO) (ISO 220),ACEITE SINTÉTICO PARA CADENAS DE ALTA TEMPERATURA (SINTETICO) (ISO 220),TEXAS REFINERY,,Aceite,
"SYNLOX SYNPLEX MOLY CHAIN (MOLY) (MINERAL) (SAE10,20,30 Y 40)","ACEITE PARA CADENAS MOLY CHAIN (MINERAL) (MOLY) (SAE 10,20,30 Y 40)",TEXAS REFINERY,,Aceite,
SYNLOX SYNPLEX MOLY CHAIN (AEROSOL) (MOLY) (MINERAL) (ISO 46),ACEITE PARA CADENAS MOLY CHAIN (AEROSOL) (MOLY) (MINERLA) (SAE30),TEXAS REFINERY,,Aceite,
"SYNLOX GEAR OIL (FÓSFORO) (MINERAL) (SAE 75,80W90,85W140)",ACEITE 790 SURE UNIVERSAL (FOSFORO)(MINERAL) (SAE 80W90 Y 85W140),TEXAS REFINERY,,Aceite,
"SYNLOS SYNGEAR OIL (SINTÉTICO) (ISO 150,220,320,460,680 Y 1000)",ACEITE SINTÉTICO PARA ENGRANAJES SYNTEX 2700 (SINTETICO) (75W90 Y 80W90),TEXAS REFINERY,,Aceite,
"SYNLOS UNIVERSAL GEAR (AZUFRE) (MINERAL) (ISO 150, 220, 320 Y 460)","ACEITE 890 VARI PURPOSE (AZUFRE) (MINERAL) (SAE 75, 80W90 Y 85W140)",TEXAS REFINERY,,Aceite,
"SYNLOX HYDRA EP (MINERAL) (SAE 10,20,30 Y 40)","ACEITE HIDRÁULICO TRC (MINERAL) (SAE 10,20,30 Y 40)",TEXAS REFINERY,,Aceite,
"SYNLOX HYDRA SPIN(MINERAL)(ISO 10, 15 Y 22)",,TEXAS REFINERY,,Aceite,
"SYNLOX PRESSURE R&O (MINERAL) (SAE 10,20,30 Y 40)","ACEITE PARA COMPRESORES TRC (MINERAL) (SAE 10,20,30Y40)",TEXAS REFINERY,,Aceite,
"SYNLOX SYNPRESSURE (SINTÉTICO) (SAE 10,20 Y 30)","ACEITE SINTETICO PARA COMPRESORES TRC (MINERAL) (SAE 10,20 Y 30)",TEXAS REFINERY,,Aceite,
"SYNLOX HEAT TRANSFER (MINERAL) (ISO 22,46 Y 68)",HEAT TRANSFER OIL (ISO 68 Y ISO 100),TEXAS REFINERY,,Aceite,
"SYNLOX SYN HEAT TRANSFER (SINTÉTICO) (ISO 22,46 Y 68)",-,TEXAS REFINERY,,Aceite,
"SYNLOX RANCING MOTOR OIL (MINERAL) (SAE 10W30,15W40 Y 20W50)",ACEITE MULTIGRADO PARA MOTOR PRO SPEC III (MINERAL/SINTETICO) (SAE 10W30 Y 15W40),TEXAS REFINERY,,Aceite,
SYNLOX ONE MOTOR OSIL SL/SF (MINERAL) (SAE 40 Y 50),-,TEXAS REFINERY,,Aceite,
"SYNLOX SYN MOTOR OIL SL/SF (SINTÉTICO) (5W30,15W40 Y 20W50)",-,TEXAS REFINERY,,Aceite,
SYNLOX CUT (MINERAL),TRI X 100 (MINERAL),TEXAS REFINERY,,Aceite,
SYNLOX SOLSYN (SINTÉTICO SOLUBLE),-,TEXAS REFINERY,,Aceite,
SYNLOX SOLAL DIRECTO (MINERAL),-,TEXAS REFINERY,,Aceite,
SYNLOX CRYSTAL USP (MINERAL) (ISO 22 Y 68),ACEITE WHITE CRYSTAL (ISO 68),TEXAS REFINERY,,Aceite,
SYNLOX AERODRY FILM (MOLY),ACEITE MOLY DRY FILM (MOLY),TEXAS REFINERY,,Aceite,
"SYNLOX HYDRA PROTEC NF (SINTÉTICO GLICOL-AGUA) (ISO 32,46 Y 68)",-,TEXAS REFINERY,,Aceite,
"SYNLOX HYDRA POLIOLESTER NF (SINTÉTICO POLIOLESTER) (ISO 15,32,46,68)",-,TEXAS REFINERY,,Aceite,
"SYNLO EXPOSED GEAR SERIE M (SINTÉTICO ISO 7M, 16M,22M Y 46M)",-,TEXAS REFINERY,,Aceite,
"SYNLOX SYNPAG SERIES (SINTÉTICO PAG ISO 150,220, 320 Y 460)",-,TEXAS REFINERY,,Aceite,
SYNLOX THERM FLUID SH (SINTÉTICO PAO) (ISO 16),-,TEXAS REFINERY,,Aceite,
SYNLOX WIRE DRAWN OIL(MINERAL)(ISO 150),,TEXAS REFINERY,,Aceite,
SYNLOX GEAR OIL GL-1(MINERAL)(SAE 250),,TEXAS REFINERY,,Aceite,
SYNLOX SILICÓN OIL(SILICON)(ISO 1000),,TEXAS REFINERY,,Aceite,
"SYNLOX GEAR FG OIL (H1) (MINERAL) (ISO 150,220, 320 Y 460)","ACEITE SHC CIBUS (ISO 150, 220,320 Y 460)",EXXONMOBIL,,Aceite,
SYNLOX HYDRA FG OIL (H1) (MINERAL) (ISO 46 Y 68),"ACEITE SHC CIBUS (ISO 46, 68 Y 100)",EXXONMOBIL,,Aceite,
SYNLOX AERO FG (H1) (MINERAL) (ISO 32),-,EXXONMOBIL,,Aceite,
"SYNLOX SPLASH & PARATAC (MINERAL) (SAE 10,20,30 Y 40)",-,EXXONMOBIL,,Aceite,
SYNLOX SYNPLEX CHAIN (SINTÉTICO) (ISO 220),MOBIL SYNTHETIC OVEN LUBE 1090(MINERAL) (ISO 220),EXXONMOBIL,,Aceite,
"SYNLOX SYNPLEX MOLY CHAIN (MOLY) (MINERAL) (SAE10,20,30 Y 40)",-,EXXONMOBIL,,Aceite,
SYNLOX SYNPLEX MOLY CHAIN (AEROSOL) (MOLY) (MINERAL) (ISO 46),-,EXXONMOBIL,,Aceite,
"SYNLOX GEAR OIL (FÓSFORO) (MINERAL) (SAE 75,80W90,85W140)","MOBIL SHC GEAR SERIES(SINTETICO) (MINERAL ISO 150,220,320,40,680 Y,1000)",EXXONMOBIL,,Aceite,
"SYNLOS SYNGEAR OIL (SINTÉTICO) (ISO 150,220,320,460,680 Y 1000)","MOBIL SHC GEAR SERIES(SINTETICO) (MINERAL ISO 150,220,320,40,680 Y 1000)",EXXONMOBIL,,Aceite,
"SYNLOS UNIVERSAL GEAR (AZUFRE) (MINERAL) (ISO 150, 220, 320 Y 460)","MOBIL SHC GEAR SERIES(SINTETICO) (MINERAL ISO 150,220,320,40,680 Y 1000)",EXXONMOBIL,,Aceite,
"SYNLOX HYDRA EP (MINERAL) (SAE 10,20,30 Y 40)","MOBIL DTE SERIES, MOBIL DTE FM SERIES, MOBIL DTE EXCEL SERIES (ISO 10,22, 32,68,100 Y 150)",EXXONMOBIL,,Aceite,
"SYNLOX PRESSURE R&O (MINERAL) (SAE 10,20,30 Y 40)","ACEITE SHC RARUS (SINTETICO ISO 32, 46 Y 68)",EXXONMOBIL,,Aceite,
"SYNLOX SYNPRESSURE (SINTÉTICO) (SAE 10,20 Y 30)","ACEITE SHC RARUS (SINTETICO ISO 32, 46 Y 68)",EXXONMOBIL,,Aceite,
"SYNLOX HEAT TRANSFER (MINERAL) (ISO 22,46 Y 68)","MOBILTHERM 600 (MINERAL ISO 22, 32,100)",EXXONMOBIL,,Aceite,
"SYNLOX RANCING MOTOR OIL (MINERAL) (SAE 10W30,15W40 Y 20W50)","MOBIL MULTIGRADO (MINERAL) ( SAE 5W 30, 10W 30, 15W 40 Y 20W 50)",EXXONMOBIL,,Aceite,
SYNLOX ONE MOTOR OSIL SL/SF (MINERAL) (SAE 40 Y 50),MOBIL MONOGRADO (MINERAL) (SAE 40 Y 50),EXXONMOBIL,,Aceite,
"SYNLOX SYN MOTOR OIL SL/SF (SINTÉTICO) (5W30,15W40 Y 20W50)",MOBIL SUPER SYNTHETIC(SINTÉTICO) ( 5W 50),EXXONMOBIL,,Aceite,
SYNLOX CUT (MINERAL),MOBILCUT 100,EXXONMOBIL,,Aceite,
SYNLOX SOLSYN (SINTÉTICO SOLUBLE),MOBILCUT 350,EXXONMOBIL,,Aceite,
SYNLOX SOLAL DIRECTO (MINERAL),MOBILCUT 250,EXXONMOBIL,,Aceite,
"SYNLOX HYDRA PROTEC NF (SINTÉTICO GLICOL-AGUA) (ISO 32,46 Y 68)",NYVAC FR 200D,EXXONMOBIL,,Aceite,
"SYNLOX HYDRA POLIOLESTER NF (SINTÉTICO POLIOLESTER) (ISO 15,32,46,68)","MOBIL EAL ARCTIC SERIES (SINTÉTITO POLIOLESTER) (ISO 22,32,46 Y 68)",EXXONMOBIL,,Aceite,
"SYNLO EXPOSED GEAR SERIE M (SINTÉTICO ISO 7M, 16M,22M Y 46M)",MOBIL SHC GEAR(SINTÉTICO) (ISO 22M Y 46M),EXXONMOBIL,,Aceite,
"SYNLOX SYNPAG SERIES (SINTÉTICO PAG ISO 150,220, 320 Y 460)","MOBIL GLYGOYLE SERIES (SINTÉTICO PAG) (ISO 150, 220, 320 Y 460)",EXXONMOBIL,,Aceite,
"SYNLOX GEAR FG OIL (H1) (MINERAL) (ISO 150,220, 320 Y 460)",LFFT 220(H1)(ÉSTER)(ISO 220)  LFFM 100(H1)(PAO)(ISO 100),SKF,,Aceite,
SYNLOX SYNPLEX CHAIN (SINTÉTICO) (ISO 220),LHHT 250(ÉSTER)(ISO 220),SKF,,Aceite,
"SYNLOX SYNPLEX MOLY CHAIN (MOLY) (MINERAL) (SAE10,20,30 Y 40)",LHMT 68(MINERAL)(ISO 68),SKF,,Aceite,
"SYNLOX GEAR FG OIL (H1) (MINERAL) (ISO 150,220, 320 Y 460)","•	FOODLUBRE HI TORQUE(H1)(PAO)(ISO 150,220,320 Y 460)",ROCOL,,Aceite,
"SYNLOX GEAR FG OIL (H1) (MINERAL) (ISO 150,220, 320 Y 460)",ACEITE LUBRICANTE FOO LUBE PARA CADENAS(H1)(PAO)(ISO 150),,,Aceite,
SYNLOX HYDRA FG OIL (H1) (MINERAL) (ISO 46 Y 68),"•	FOODLUBE HI-POWER(H1)(PAO)(ISO 22,32,46,68 Y 100)",ROCOL,,Aceite,
SYNLOX HYDRA FG OIL (H1) (MINERAL) (ISO 46 Y 68),ACEITE PARA BOMBAS DE VACIO(H1)(PAO)(ISO 46 Y 68),,,Aceite,
SYNLOX AERO FG (H1) (MINERAL) (ISO 32),AEROSOL LUBRICANTE FOO LUBE PARA CADENAS(H1)(ÉSTERES Y GLICÉRIDOS)(ISO 150),ROCOL,,Aceite,
"SYNLOX SYNPLEX MOLY CHAIN (MOLY) (MINERAL) (SAE10,20,30 Y 40)",FLUIDO PARA CADENAS Y TRANSMISIONES(MINERAL)(ISO 100),ROCOL,,Aceite,
SYNLOX SYNPLEX MOLY CHAIN (AEROSOL) (MOLY) (MINERAL) (ISO 46),AEROSOL PARA CADENAS Y TRANSMISIONES(MINERAL)(MOLY)(ISO 68),ROCOL,,Aceite,
"SYNLOX GEAR OIL (FÓSFORO) (MINERAL) (SAE 75,80W90,85W140)",,ROCOL,,Aceite,
"SYNLOS SYNGEAR OIL (SINTÉTICO) (ISO 150,220,320,460,680 Y 1000)","SAPPHIRE HI TORQUE(SINTÉTICO)(ISO 150,220,320,460,680)",ROCOL,,Aceite,
"SYNLOS UNIVERSAL GEAR (AZUFRE) (MINERAL) (ISO 150, 220, 320 Y 460)",,ROCOL,,Aceite,
"SYNLOX HYDRA EP (MINERAL) (SAE 10,20,30 Y 40)","SAPPHIRE HI-POWER(MINERAL)(ISO 22,32,46,68 Y 100)",ROCOL,,Aceite,
"SYNLOX HYDRA SPIN(MINERAL)(ISO 10, 15 Y 22)",,ROCOL,,Aceite,
"SYNLOX PRESSURE R&O (MINERAL) (SAE 10,20,30 Y 40)","SAPPHIRE HI-POWER(MINERAL)(ISO 22,32,46,68 Y 100)",ROCOL,,Aceite,
"SYNLOX SYNPRESSURE (SINTÉTICO) (SAE 10,20 Y 30)",ACEITES PARA COMPRESORES DE REFRIGERACIPON ROCOL,ROCOL,,Aceite,
"SYNLO EXPOSED GEAR SERIE M (SINTÉTICO ISO 7M, 16M,22M Y 46M)",HT70(PAO)(MOLY),ROCOL,,Aceite,
,OKS 30(MOLY)(70)(Ester),OKS,,Aceite,
,OKS 300,OKS,,Aceite,
,OKS 310,OKS,,Aceite,
,OKS 340,OKS,,Aceite,
,OKS 341,OKS,,Aceite,
,OKS 350,OKS,,Aceite,
,OKS 353,OKS,,Aceite,
,OKS 3521,OKS,,Aceite,
,OKS 353,OKS,,Aceite,
,OKS 354,OKS,,Aceite,
,OKS 3541,OKS,,Aceite,
,OKS 370,OKS,,Aceite,
,OKS 371,OKS,,Aceite,
,OKS 387,OKS,,Aceite,
,OKS 389,OKS,,Aceite,
,OKS 391,OKS,,Aceite,
,OKS 450,OKS,,Aceite,
,OKS 451,OKS,,Aceite,
,OKS 600,OKS,,Aceite,
,OKS 601,OKS,,Aceite,
,OKS 641,OKS,,Aceite,
,OKS 670,OKS,,Aceite,
,OKS 671,OKS,,Aceite,
,OKS 700,OKS,,Aceite,
,OKS 701,OKS,,Aceite,
,OKS 701,OKS,,Aceite,
,OKS 1010/1,OKS,,Aceite,
,OKS 1010/2,OKS,,Aceite,
,OKS 1020/2,OKS,,Aceite,
,OKS 1035/1,OKS,,Aceite,
,OKS 1050/0,OKS,,Aceite,
,OKS 1050/1,OKS,,Aceite,
,OKS 3570,OKS,,Aceite,
,OKS 3571,OKS,,Aceite,
,OKS 3600,OKS,,Aceite,
,OKS 3601,OKS,,Aceite,
,OKS 3710,OKS,,Aceite,
,OKS 3711,OKS,,Aceite,
,OKS 3720,OKS,,Aceite,
,OKS 3725,OKS,,Aceite,
,OKS 3730,OKS,,Aceite,
,OKS 3740,OKS,,Aceite,
,OKSA 3750,OKS,,Aceite,
,OKS 3751,OKS,,Aceite,
,OKS 3760,OKS,,Aceite,
,OKS 3770,OKS,,Aceite,
,OKS 3775,OKS,,Aceite,
,OKS 3780,OKS,,Aceite,
,OKS 3790,OKS,,Aceite,
,OKS 3790,OKS,,Aceite,
,OKS 8600,OKS,,Aceite,
,OKS 8601,OKS,,Aceite,
